"Ãr";"Yrkeskode";"Yrke";"Estimert mangel pÃ¥ arbeidskraft i antall personer";"95 % konfidens-intervall for estimert mangel , nedre grense";"95 % konfidens-intervall for estimert mangel , Ã¸vre grense";
"2015";"2223";"Sykepleiere";"2350";"1848";" 2928";
"2015";"3259";"Andre helseyrker";"1450";"978";" 2053";
"2015";"5321";"Helsefagarbeidere";"650";"381";" 929";
"2015";"2212";"Legespesialister";"600";"418";" 806";
"2015";"7115";"TÃ¸mrere og snekkere";"550";"301";" 893";
"2015";"5120";"Kokker";"500";"288";" 787";
"2015";"5223";"Butikkmedarbeidere";"500";"267";"  914";
"2015";"2341";"GrunnskolelÃ¦rere";"450";"324";" 606";
"2015";"5249";"Andre salgsmedarbeidere";"450";"268";" 722";
"2015";"7126";"RÃ¸rleggere og VVS-montÃ¸rer";"400";"257";" 644";
"2015";"5131";"ServitÃ¸rer";"400";"164";" 716";
"2015";"7411";"Elektrikere";"350";"192";" 563";
"2015";"8332";"Lastebil- og trailersjÃ¥fÃ¸rer";"350";"156";" 638";
"2015";"2342";"FÃ¸rskolelÃ¦rere";"300";"173";" 446";
"2015";"7549";"Andre hÃ¥ndverkere";"300";"127";" 524";
"2015";"7212";"Sveisere";"300";"109";" 618";
"2015";"3112";"BygningsingeniÃ¸rer";"250";"150";" 374";
"2015";"3119";"Andre ingeniÃ¸rer";"250";"153";" 377";
"2015";"7233";"Anleggsmaskin- og industrimekanikere";"250";"149";" 388";
"2015";"3313";"RegnskapsfÃ¸rere";"250";"119";" 384";
"2015";"5141";"FrisÃ¸rer";"250";"109";" 419";
"2015";"2142";"SivilingeniÃ¸rer (bygg og anlegg)";"250";"116";" 431";
"2015";"5246";"GatekjÃ¸kken- og kafÃ©medarbeidere mv.";"250";"61";" 415";
"2015";"7114";"Betongarbeidere";"250";"56";" 522";
"2015";"2634";"Psykologer";"200";"127";" 283";
"2015";"2224";"Vernepleiere";"200";"107";" 279";
"2015";"#I/T";"Universitets- og hÃ¸yskolelektorer/-lÃ¦rere";"200";"130";" 331";
"2015";"2221";"Spesialsykepleiere";"200";"105";" 345";
"2015";"1219";"Andre administrative ledere";"150";"93";" 240";
"2015";"1323";"Ledere av bygge- og anleggsvirksomhet";"150";"80";" 231";
"2015";"7214";"Platearbeidere";"150";"73";" 224";
"2015";"9112";"Renholdere i bedrifter";"150";"71";" 238";
"2015";"2320";"YrkesfaglÃ¦rere";"150";"78";" 248";
"2015";"7231";"Bilmekanikere";"150";"74";" 251";
"2015";"7512";"Bakere, konditorer mv.";"150";"56";" 235";
"2015";"4311";"Regnskapsmedarbeidere";"150";"76";" 290";
"2015";"#I/T";"OperatÃ¸rer innen metallflatebehandling";"150";"36";" 271";
"2015";"7412";"Automatikere";"150";"57";" 326";
"2015";"3113";"ElkraftingeniÃ¸rer";"100";"43";" 128";
"2015";"1221";"Salgs- og markedssjefer";"100";"42";" 132";
"2015";"8160";"OperatÃ¸rer innen nÃ¦ringsmiddelproduksjon";"150";"21";" 335";
"2015";"2353";"Andre sprÃ¥klÃ¦rere";"100";"39";" 142";
"2015";"#I/T";"Lektorer mv. (videregÃ¥ende skole)";"100";"59";" 163";
"2015";"5169";"Andre personlige tjenesteytere";"100";"33";" 137";
"2015";"3413";"ReligiÃ¸se yrker";"100";"26";" 133";
"2015";"#I/T";"SpesiallÃ¦rere / spesialpedagoger";"100";"59";" 168";
"2015";"#I/T";"Andre sivilingeniÃ¸rer (unntatt elektroteknologi";"100";"14";" 136";
"2015";"7213";"Kopper- og blikkenslagere";"100";"31";" 162";
"2015";"7522";"MÃ¸belsnekkere";"100";"52";" 185";
"2015";"8342";"AnleggsmaskinfÃ¸rere";"100";"36";" 171";
"2015";"7112";"Murere";"100";"6";" 167";
"2015";"3258";"Ambulansepersonell";"100";"11";" 179";
"2015";"#I/T";"Revisorer, regnskapsrÃ¥dgivere";"100";"26";" 198";
"2015";"5244";"Telefon- og nettselgere";"100";"19";" 196";
"2015";"5414";"Vektere";"100";"16";" 210";
"2015";"2423";"Personal- og karriererÃ¥dgivere";"100";"11";" 209";
"2015";"2514";"Applikasjonsprogrammerere";"50";"9";" 47";
"2015";"2529";"Sikkerhetsanalytikere mv.";"50";"5";" 52";
"2015";"2511";"Systemanalytikere/-arkitekter";"50";"11";" 62";
"2015";"#I/T";"Andre stasjonÃ¦re maskinoperatÃ¸rer";"50";"11";" 62";
"2015";"2211";"Allmennpraktiserende leger";"50";"14";" 66";
"2015";"3115";"MaskiningeniÃ¸rer";"50";"20";" 77";
"2015";"8322";"Bil-, drosje- og varebilfÃ¸rere";"50";"8";" 65";
"2015";"2262";"FarmasÃ¸yter";"50";"17";" 75";
"2015";"1439";"Andre daglige ledere i tjenesteytende virksomheter";"50";"12";" 71";
"2015";"#I/T";"OrganisasjonsrÃ¥dgivere mv.";"50";"3";" 62";
"2015";"2222";"JordmÃ¸dre";"50";"6";" 67";
"2015";"6210";"Skogbrukere";"50";"10";" 72";
"2015";"4312";"Forsikrings- og finansmedarbeidere";"50";"4";" 67";
"2015";"#I/T";"SivilingeniÃ¸rer (industri og produksjon";"50";"10";" 75";
"2015";"2144";"SivilingeniÃ¸rer (maskin- og marinteknikk)";"50";"4";" 71";
"2015";"7119";"Andre bygningsarbeidere";"50";"2";" 69";
"2015";"2114";"Geologer og geofysikere";"50";"4";" 74";
"2015";"#I/T";"VerktÃ¸ymaker, lÃ¥sesmeder mv.";"50";"4";" 74";
"2015";"2636";"Geistlige yrker";"50";"12";" 84";
"2015";"3117";"IngeniÃ¸rer innen petroleum, bergverk og metallurgi";"50";"13";" 85";
"2015";"7211";"StÃ¸pere";"50";"4";" 77";
"2015";"3359";"Andre yrker innen offentlig forvaltning";"50";"3";" 77";
"2015";"3512";"BrukerstÃ¸ttere, IKT";"50";"4";" 78";
"2016";"2223";"Sykepleiere";"3300";"2781";" 3836";
"2016";"3259";"Andre helseyrker";"1600";"1031";" 2184";
"2016";"7115";"TÃ¸mrere og snekkere";"1100";"655";" 1622";
"2016";"5321";"Helsefagarbeidere";"900";"617";" 1207";
"2016";"7114";"Betongarbeidere";"800";"230";" 1681";
"2016";"7411";"Elektrikere";"800";"320";" 1409";
"2016";"5120";"Kokker";"700";"484";" 946";
"2016";"2221";"Spesialsykepleiere";"600";"435";" 792";
"2016";"5249";"Andre salgsmedarbeidere";"600";"346";" 864";
"2016";"2341";"GrunnskolelÃ¦rere";"550";"405";" 811";
"2016";"2212";"Legespesialister";"500";"386";" 628";
"2016";"7126";"RÃ¸rleggere og VVS-montÃ¸rer";"500";"284";" 780";
"2016";"2224";"Vernepleiere";"450";"319";" 597";
"2016";"8332";"Lastebil- og trailersjÃ¥fÃ¸rer";"450";"253";" 683";
"2016";"8331";"BussjÃ¥fÃ¸rer og trikkefÃ¸rere";"400";"83";" 786";
"2016";"2511";"Systemanalytikere/-arkitekter";"350";"97";" 637";
"2016";"2512";"Programvareutviklere";"350";"81";" 726";
"2016";"3119";"Andre ingeniÃ¸rer";"350";"211";" 453";
"2016";"3112";"BygningsingeniÃ¸rer";"300";"135";" 447";
"2016";"5131";"ServitÃ¸rer";"300";"179";" 476";
"2016";"7549";"Andre hÃ¥ndverkere";"300";"162";" 516";
"2016";"2142";"SivilingeniÃ¸rer (bygg og anlegg)";"250";"115";" 335";
"2016";"#I/T";"Universitets- og hÃ¸yskolelektorer/-lÃ¦rere";"250";"152";" 407";
"2016";"7212";"Sveisere";"250";"115";" 370";
"2016";"7233";"Anleggsmaskin- og industrimekanikere";"250";"117";" 434";
"2016";"8322";"Bil-, drosje- og varebilfÃ¸rere";"250";"97";" 402";
"2016";"2342";"FÃ¸rskolelÃ¦rere";"200";"112";" 254";
"2016";"2634";"Psykologer";"200";"96";" 270";
"2016";"5223";"Butikkmedarbeidere";"200";"89";" 344";
"2016";"5244";"Telefon- og nettselgere";"200";"35";" 408";
"2016";"7119";"Andre bygningsarbeidere";"200";"41";" 361";
"2016";"7121";"Taktekkere";"200";"39";" 381";
"2016";"7131";"Malere og byggtapetserere";"200";"100";" 389";
"2016";"2422";"HÃ¸yere saksbehandlere i offentlig og privat virksomhet";"150";"43";" 335";
"2016";"5141";"FrisÃ¸rer";"150";"59";" 235";
"2016";"6113";"Gartnere";"150";"34";" 260";
"2016";"7112";"Murere";"150";"31";" 311";
"2016";"7231";"Bilmekanikere";"150";"79";" 272";
"2016";"7512";"Bakere, konditorer mv.";"150";"70";" 227";
"2016";"8212";"MontÃ¸rer av elektriske og elektroniske produkter";"150";"32";" 297";
"2016";"8342";"AnleggsmaskinfÃ¸rere";"150";"64";" 216";
"2016";"9112";"Renholdere i bedrifter";"150";"46";" 319";
"2016";"1219";"Andre administrative ledere";"100";"62";" 183";
"2016";"1349";"Andre ledere av produksjon og tjenesteyting";"100";"33";" 155";
"2016";"1412";"Restaurantsjefer";"100";"25";" 166";
"2016";"1439";"Andre daglige ledere i tjenesteytende virksomheter";"100";"16";" 209";
"2016";"2320";"YrkesfaglÃ¦rere";"100";"42";" 154";
"2016";"#I/T";"Lektorer mv. (videregÃ¥ende skole)";"100";"41";" 171";
"2016";"2351";"Spesialister i pedagogikk";"100";"46";" 126";
"2016";"#I/T";"SpesiallÃ¦rere / spesialpedagoger";"100";"56";" 205";
"2016";"4110";"Kontormedarbeidere";"100";"27";" 163";
"2016";"4312";"Forsikrings- og finansmedarbeidere";"100";"9";" 190";
"2016";"5411";"Brannkonstabler";"100";"15";" 210";
"2016";"7213";"Kopper- og blikkenslagere";"100";"50";" 178";
"2016";"7214";"Platearbeidere";"100";"36";" 164";
"2016";"1321";"Ledere av industriproduksjon mv.";"50";"22";" 92";
"2016";"#I/T";"Ledere av bygge- og";"50";"12";" 81";
"2016";"1342";"Ledere av helsetjenester";"50";"19";" 108";
"2016";"2141";"SivilingeniÃ¸rer (industri og produksjon)";"50";"5";" 61";
"2016";"2211";"Allmennpraktiserende leger";"50";"34";" 100";
"2016";"2262";"FarmasÃ¸yter";"50";"12";" 58";
"2016";"2353";"Andre sprÃ¥klÃ¦rere";"50";"6";" 78";
"2016";"2354";"Andre musikklÃ¦rere";"50";"9";" 47";
"2016";"2412";"Finans- og investeringsrÃ¥dgivere";"50";"14";" 84";
"2016";"2611";"Jurister og advokater";"50";"6";" 82";
"2016";"3113";"ElkraftingeniÃ¸rer";"50";"12";" 87";
"2016";"3115";"MaskiningeniÃ¸rer";"50";"7";" 106";
"2016";"3322";"Selgere (engros)";"50";"3";" 68";
"2016";"3513";"Nettverks- og systemteknikere, IKT";"50";"10";" 90";
"2016";"4321";"Lagermedarbeidere og materialforvaltere";"50";"4";" 81";
"2016";"5113";"Reiseledere og guider";"50";"3";" 99";
"2016";"5222";"Butikkavdelingssjefer";"50";"14";" 106";
"2016";"5311";"Barnehage- og skolefritidsassistenter mv.";"50";"7";" 100";
"2016";"5329";"Andre pleiemedarbeidere";"50";"4";" 61";
"2016";"5419";"Andre sikkerhetsarbeidere";"50";"4";" 70";
"2016";"7124";"IsolatÃ¸rer mv.";"50";"2";" 89";
"2016";"7125";"Glassarbeidere";"50";"3";" 98";
"2016";"7127";"KuldemontÃ¸rer mv.";"50";"2";" 70";
"2016";"7133";"Feiere, fasaderenholdere mv.";"50";"2";" 88";
"2016";"#I/T";"VerktÃ¸ymaker, lÃ¥sesmeder mv.";"50";"4";" 67";
"2016";"7412";"Automatikere";"50";"3";" 75";
"2016";"7422";"Tele- og IKT-installatÃ¸rer";"50";"2";" 65";
"2016";"7522";"MÃ¸belsnekkere";"50";"13";" 84";
"2016";"7531";"Skreddere, buntmakere mv.";"50";"4";" 63";
"2016";"7541";"Yrkesdykkere";"50";"4";" 92";
"2016";"#I/T";"Lokomotiv og T-banefÃ¸rere";"50";"3";" 87";
"2016";"9412";"KjÃ¸kkenassistenter";"50";"11";" 90";
"2017";"2223";"Sykepleiere";"3600";"3 087";" 4 152";
"2017";"7115";"TÃ¸mrere og snekkere";"2300";"1 455";" 2 995";
"2017";"3259";"Andre helseyrker";"1700";"1 097";" 2 260";
"2017";"2512";"Programvareutviklere";"1650";"411";" 3 034";
"2017";"5321";"Helsefagarbeidere";"1400";"952";" 1 781";
"2017";"5244";"Telefon- og nettselgere";"1350";"202";" 3 140";
"2017";"2519";"Andre programvare- og applikasjonsutviklere";"1100";"181";" 2 556";
"2017";"5120";"Kokker";"850";"626";" 1 118";
"2017";"5249";"Andre salgsmedarbeidere";"850";"500";" 1 106";
"2017";"2341";"GrunnskolelÃ¦rere";"750";"572";" 962";
"2017";"7126";"RÃ¸rleggere og VVS-montÃ¸rer";"700";"333";" 1 033";
"2017";"8332";"Lastebil- og trailersjÃ¥fÃ¸rer";"600";"359";" 840";
"2017";"2212";"Legespesialister";"550";"338";" 862";
"2017";"7411";"Elektrikere";"550";"338";" 832";
"2017";"2224";"Vernepleiere";"450";"307";" 584";
"2017";"5131";"ServitÃ¸rer";"450";"214";" 684";
"2017";"5141";"FrisÃ¸rer";"450";"242";" 788";
"2017";"5311";"Barnehage- og skolefritidsassistenter mv.";"450";"81";" 1 095";
"2017";"7549";"Andre hÃ¥ndverkere";"450";"201";" 727";
"2017";"8342";"AnleggsmaskinfÃ¸rere";"450";"218";" 656";
"2017";"2221";"Spesialsykepleiere";"400";"189";" 625";
"2017";"7114";"Betongarbeidere";"350";"91";" 699";
"2017";"8331";"BussjÃ¥fÃ¸rer og trikkefÃ¸rere";"350";"50";" 786";
"2017";"5223";"Butikkmedarbeidere";"300";"131";" 495";
"2017";"5246";"GatekjÃ¸kken- og kafÃ©medarbeidere mv.";"300";"111";" 578";
"2017";"7131";"Malere og byggtapetserere";"300";"48";" 543";
"2017";"2142";"SivilingeniÃ¸rer (bygg og anlegg)";"250";"98";" 411";
"2017";"2342";"FÃ¸rskolelÃ¦rere";"250";"153";" 383";
"2017";"5169";"Andre personlige tjenesteytere";"250";"71";" 518";
"2017";"7233";"Anleggsmaskin- og industrimekanikere";"250";"165";" 406";
"2017";"8322";"Bil-, drosje- og varebilfÃ¸rere";"250";"122";" 433";
"2017";"9112";"Renholdere i bedrifter";"250";"78";" 535";
"2017";"#I/T";"Lektorer mv. (videregÃ¥ende skole)";"200";"134";" 279";
"2017";"#I/T";"SpesiallÃ¦rere / spesialpedagoger";"200";"87";" 300";
"2017";"2422";"HÃ¸yere saksbehandlere i offentlig og privat virksomhet";"200";"42";" 372";
"2017";"2511";"Systemanalytikere/-arkitekter";"200";"66";" 341";
"2017";"3211";"Radiografer mv.";"200";"20";" 685";
"2017";"3513";"Nettverks- og systemteknikere, IKT";"200";"70";" 313";
"2017";"7212";"Sveisere";"200";"88";" 284";
"2017";"7214";"Platearbeidere";"200";"105";" 292";
"2017";"7231";"Bilmekanikere";"200";"89";" 366";
"2017";"#I/T";"Universitets- og hÃ¸yskolelektorer/-lÃ¦rere";"150";"81";" 255";
"2017";"2320";"YrkesfaglÃ¦rere";"150";"99";" 236";
"2017";"2359";"Andre lÃ¦rere";"150";"74";" 218";
"2017";"#I/T";"Revisorer, regnskapsrÃ¥dgivere";"150";"40";" 281";
"2017";"5242";"Demonstrasjonsselgere";"150";"8";" 376";
"2017";"5329";"Andre pleiemedarbeidere";"150";"46";" 254";
"2017";"7112";"Murere";"150";"46";" 229";
"2017";"7119";"Andre bygningsarbeidere";"150";"32";" 319";
"2017";"7123";"Gips- og sparklingsarbeidere";"150";"10";" 463";
"2017";"1219";"Andre administrative ledere";"100";"44";" 154";
"2017";"#I/T";"Ledere av bygge- og";"100";"58";" 211";
"2017";"1345";"Ledere av utdanning og undervisning";"100";"19";" 150";
"2017";"1412";"Restaurantsjefer";"100";"35";" 198";
"2017";"1439";"Andre daglige ledere i tjenesteytende virksomheter";"100";"34";" 199";
"2017";"2353";"Andre sprÃ¥klÃ¦rere";"100";"46";" 151";
"2017";"2514";"Applikasjonsprogrammerere";"100";"39";" 167";
"2017";"3112";"BygningsingeniÃ¸rer";"100";"60";" 196";
"2017";"3115";"MaskiningeniÃ¸rer";"100";"27";" 172";
"2017";"3119";"Andre ingeniÃ¸rer";"100";"60";" 190";
"2017";"3123";"Arbeidsleder, bygg og anlegg";"100";"27";" 191";
"2017";"3256";"HelsesekretÃ¦rer";"100";"19";" 143";
"2017";"3423";"Sports- og aktivitetsinstruktÃ¸rer";"100";"11";" 363";
"2017";"4110";"Kontormedarbeidere";"100";"32";" 156";
"2017";"4311";"Regnskapsmedarbeidere";"100";"46";" 200";
"2017";"5243";"DÃ¸rselgere";"100";"5";" 206";
"2017";"7125";"Glassarbeidere";"100";"5";" 199";
"2017";"7132";"Overflatebehandlere og lakkerere";"100";"19";" 153";
"2017";"7213";"Kopper- og blikkenslagere";"100";"41";" 238";
"2017";"#I/T";"VerktÃ¸ymaker, lÃ¥sesmeder mv.";"100";"18";" 170";
"2017";"#I/T";"Slaktere, fiskehandlere mv.";"100";"53";" 178";
"2017";"7522";"MÃ¸belsnekkere";"100";"42";" 164";
"2017";"9329";"Andre hjelpearbeidere i industri";"100";"6";" 211";
"2017";"9412";"KjÃ¸kkenassistenter";"100";"44";" 246";
"2017";"1211";"Finans- og Ã¸konomisjefer";"50";"21";" 86";
"2017";"1221";"Salgs- og markedssjefer";"50";"7";" 71";
"2017";"1321";"Ledere av industriproduksjon mv.";"50";"35";" 108";
"2017";"1324";"Ledere av logistikk og transport mv.";"50";"6";" 156";
"2017";"1343";"Ledere av eldreomsorg";"50";"15";" 120";
"2017";"1349";"Andre ledere av produksjon og tjenesteyting";"50";"15";" 84";
"2017";"1431";"Sports-, rekreasjons- og kultursenterledere";"50";"3";" 112";
"2017";"2152";"SivilingeniÃ¸rer (elektronikk)";"50";"4";" 90";
"2017";"2211";"Allmennpraktiserende leger";"50";"34";" 92";
"2017";"2351";"Spesialister i pedagogikk";"50";"11";" 121";
"2017";"#I/T";"OrganisasjonsrÃ¥dgivere mv.";"50";"2";" 66";
"2017";"2431";"Reklame- og markedsfÃ¸ringsrÃ¥dgivere";"50";"15";" 100";
"2017";"2433";"Salgskonsulenter innen tekniske og medisinske produkter";"50";"3";" 108";
"2017";"2529";"Sikkerhetsanalytikere mv.";"50";"13";" 104";
"2017";"#I/T";"RÃ¥dgivere/forskere, samfunns-vitenskap";"50";"12";" 66";
"2017";"2634";"Psykologer";"50";"24";" 85";
"2017";"3113";"ElkraftingeniÃ¸rer";"50";"7";" 90";
"2017";"3212";"BioingeniÃ¸rer";"50";"15";" 152";
"2017";"3214";"Protese- og tannteknikere";"50";"15";" 121";
"2017";"#I/T";"Dyrepleiere";"50";"4";" 86";
"2017";"3313";"RegnskapsfÃ¸rere";"50";"8";" 81";
"2017";"3321";"Forsikringsagenter";"50";"12";" 121";
"2017";"3353";"Saksbehandlere innen sosiale ytelser";"50";"4";" 124";
"2017";"3412";"MiljÃ¸arbeidere innen sosiale fagfelt";"50";"6";" 172";
"2017";"3431";"Fotografer og filmfotografer";"50";"7";" 193";
"2017";"3434";"Sjefskokker";"50";"3";" 72";
"2017";"3439";"Andre yrker innen estetiske fag";"50";"4";" 111";
"2017";"3511";"Driftsteknikere, IKT";"50";"10";" 78";
"2017";"3514";"Internett-teknikere";"50";"5";" 116";
"2017";"#I/T";"Teknikere innen telekom";"50";"4";" 82";
"2017";"4224";"Hotellresepsjonister";"50";"3";" 92";
"2017";"4312";"Forsikrings- og finansmedarbeidere";"50";"3";" 85";
"2017";"4321";"Lagermedarbeidere og materialforvaltere";"50";"3";" 83";
"2017";"5111";"Flyverter, bÃ¥tverter mv.";"50";"4";" 166";
"2017";"5132";"Bartendere";"50";"5";" 139";
"2017";"#I/T";"Vaktmestre";"50";"2";" 86";
"2017";"#I/T";"Dyrepassere og âtrenere mv.";"50";"2";" 67";
"2017";"5165";"KjÃ¸reskolelÃ¦rere";"50";"18";" 148";
"2017";"5230";"Billettselgere";"50";"4";" 188";
"2017";"5414";"Vektere";"50";"9";" 185";
"2017";"#I/T";"Melke- og husdyrprodusenter";"50";"20";" 92";
"2017";"#I/T";"Andre dyreoppdrettere og rÃ¸ktere";"50";"8";" 137";
"2017";"6221";"Havbruksarbeidere";"50";"4";" 69";
"2017";"7122";"Gulv- og flisleggere";"50";"4";" 133";
"2017";"7124";"IsolatÃ¸rer mv.";"50";"3";" 131";
"2017";"7127";"KuldemontÃ¸rer mv.";"50";"3";" 105";
"2017";"7413";"EnergimontÃ¸rer";"50";"4";" 116";
"2017";"7421";"Serviceelektronikere";"50";"4";" 104";
"2017";"7422";"Tele- og IKT-installatÃ¸rer";"50";"3";" 125";
"2017";"7512";"Bakere, konditorer mv.";"50";"24";" 144";
"2017";"7542";"Skytebaser og sprengningsarbeidere";"50";"3";" 62";
"2017";"8111";"Bergfagarbeidere";"50";"5";" 67";
"2017";"#I/T";"OperatÃ¸rer innen plastprodukter";"50";"4";" 99";
"2017";"8160";"OperatÃ¸rer innen nÃ¦ringsmiddelproduksjon";"50";"6";" 123";
"2017";"8171";"OperatÃ¸rer innen treforedling";"50";"4";" 84";
"2017";"#I/T";"Andre stasjonÃ¦re maskinoperatÃ¸rer";"50";"5";" 153";
"2017";"8211";"MontÃ¸rer av mekaniske produkter";"50";"7";" 177";
"2017";"8219";"Andre montÃ¸rer";"50";"17";" 154";
"2017";"9129";"Andre rengjÃ¸rere";"50";"3";" 135";
"2017";"9312";"Hjelpearbeidere i anlegg";"50";"3";" 102";
"2017";"9313";"Hjelpearbeidere i bygg";"50";"3";" 122";
"2017";"9612";"Gjenvinningsarbeidere";"50";"2";" 88";
"2018";"2223";"Sykepleiere";"4550";"3624";"5292";
"2018";"7115";"TÃ¸mrere og snekkere";"3200";"2243";"4499";
"2018";"5321";"Helsefagarbeidere";"2200";"1537";"2846";
"2018";"3259";"Andre helseyrker";"1700";"1320";"1983";
"2018";"2221";"Spesialsykepleiere";"1350";"432";"2676";
"2018";"2511";"Systemanalytikere/-arkitekter";"1250";"479";"1860";
"2018";"2512";"Programvareutviklere";"1250";"319";"3705";
"2018";"7114";"Betongarbeidere";"1150";"385";"2186";
"2018";"5120";"Kokker";"1050";"770";"1499";
"2018";"8332";"Lastebil- og trailersjÃ¥fÃ¸rer";"1050";"653";"1637";
"2018";"7126";"RÃ¸rleggere og VVS-montÃ¸rer";"900";"446";"1336";
"2018";"2341";"GrunnskolelÃ¦rere";"850";"668";"1075";
"2018";"8331";"BussjÃ¥fÃ¸rer og trikkefÃ¸rere";"850";"224";"1493";
"2018";"7212";"Sveisere";"800";"498";"1147";
"2018";"5249";"Andre salgsmedarbeidere";"750";"354";"1049";
"2018";"2224";"Vernepleiere";"700";"483";"880";
"2018";"5244";"Telefon- og nettselgere";"650";"200";"1398";
"2018";"7233";"Anleggsmaskin- og industrimekanikere";"650";"353";"999";
"2018";"7411";"Elektrikere";"600";"315";"890";
"2018";"4110";"Kontormedarbeidere";"550";"121";"1032";
"2018";"2212";"Legespesialister";"500";"336";"659";
"2018";"4311";"Regnskapsmedarbeidere";"500";"61";"1239";
"2018";"5131";"ServitÃ¸rer";"500";"233";"834";
"2018";"5223";"Butikkmedarbeidere";"500";"222";"803";
"2018";"7549";"Andre hÃ¥ndverkere";"500";"284";"823";
"2018";"8342";"AnleggsmaskinfÃ¸rere";"450";"300";"670";
"2018";"#I/T";"Revisorer, regnskapsrÃ¥dgivere";"400";"117";"859";
"2018";"7214";"Platearbeidere";"400";"152";"680";
"2018";"7231";"Bilmekanikere";"400";"195";"647";
"2018";"3112";"BygningsingeniÃ¸rer";"350";"202";"476";
"2018";"3119";"Andre ingeniÃ¸rer";"350";"162";"728";
"2018";"5141";"FrisÃ¸rer";"350";"166";"545";
"2018";"8322";"Bil-, drosje- og varebilfÃ¸rere";"350";"191";"596";
"2018";"#I/T";"Ledere av bygge- og";"300";"154";"467";
"2018";"2142";"SivilingeniÃ¸rer (bygg og anlegg)";"300";"125";"705";
"2018";"2342";"FÃ¸rskolelÃ¦rere";"300";"209";"441";
"2018";"2519";"Andre programvare- og applikasjonsutviklere";"300";"68";"803";
"2018";"9112";"Renholdere i bedrifter";"300";"137";"612";
"2018";"7131";"Malere og byggtapetserere";"250";"104";"481";
"2018";"2211";"Allmennpraktiserende leger";"200";"46";"605";
"2018";"#I/T";"Universitets- og hÃ¸yskolelektorer/-lÃ¦rere";"200";"106";"359";
"2018";"#I/T";"Lektorer mv. (videregÃ¥ende skole)";"200";"136";"302";
"2018";"#I/T";"SpesiallÃ¦rere / spesialpedagoger";"200";"111";"283";
"2018";"2514";"Applikasjonsprogrammerere";"200";"57";"675";
"2018";"5246";"GatekjÃ¸kken- og kafÃ©medarbeidere mv.";"200";"59";"412";
"2018";"7121";"Taktekkere";"200";"14";"391";
"2018";"7422";"Tele- og IKT-installatÃ¸rer";"200";"62";"391";
"2018";"9329";"Andre hjelpearbeidere i industri";"200";"16";"373";
"2018";"1219";"Andre administrative ledere";"150";"54";"221";
"2018";"1221";"Salgs- og markedssjefer";"150";"55";"220";
"2018";"1349";"Andre ledere av produksjon og tjenesteyting";"150";"98";"266";
"2018";"2351";"Spesialister i pedagogikk";"150";"42";"255";
"2018";"2359";"Andre lÃ¦rere";"150";"63";"248";
"2018";"3513";"Nettverks- og systemteknikere, IKT";"150";"40";"307";
"2018";"5311";"Barnehage- og skolefritidsassistenter mv.";"150";"93";"256";
"2018";"5329";"Andre pleiemedarbeidere";"150";"31";"261";
"2018";"#I/T";"Melke- og husdyrprodusenter";"150";"65";"237";
"2018";"7112";"Murere";"150";"59";"285";
"2018";"7119";"Andre bygningsarbeidere";"150";"37";"280";
"2018";"7123";"Gips- og sparklingsarbeidere";"150";"12";"526";
"2018";"7213";"Kopper- og blikkenslagere";"150";"66";"270";
"2018";"7512";"Bakere, konditorer mv.";"150";"78";"270";
"2018";"2164";"Arealplanleggere";"100";"35";"181";
"2018";"2320";"YrkesfaglÃ¦rere";"100";"62";"202";
"2018";"2353";"Andre sprÃ¥klÃ¦rere";"100";"67";"191";
"2018";"2412";"Finans- og investeringsrÃ¥dgivere";"100";"30";"174";
"2018";"2422";"HÃ¸yere saksbehandlere i offentlig og privat virksomhet";"100";"20";"170";
"2018";"2431";"Reklame- og markedsfÃ¸ringsrÃ¥dgivere";"100";"6";"191";
"2018";"2634";"Psykologer";"100";"39";"181";
"2018";"2635";"RÃ¥dgivere innen sosiale fagfelt";"100";"12";"206";
"2018";"3214";"Protese- og tannteknikere";"100";"39";"183";
"2018";"3313";"RegnskapsfÃ¸rere";"100";"18";"193";
"2018";"3359";"Andre yrker innen offentlig forvaltning";"100";"8";"151";
"2018";"3412";"MiljÃ¸arbeidere innen sosiale fagfelt";"100";"9";"164";
"2018";"3413";"ReligiÃ¸se yrker";"100";"19";"190";
"2018";"3511";"Driftsteknikere, IKT";"100";"33";"155";
"2018";"4229";"Andre opplysningsmedarbeidere";"100";"5";"273";
"2018";"4312";"Forsikrings- og finansmedarbeidere";"100";"22";"226";
"2018";"4321";"Lagermedarbeidere og materialforvaltere";"100";"19";"218";
"2018";"5165";"KjÃ¸reskolelÃ¦rere";"100";"19";"154";
"2018";"5169";"Andre personlige tjenesteytere";"100";"21";"176";
"2018";"5222";"Butikkavdelingssjefer";"100";"4";"178";
"2018";"5413";"Fengselsbetjenter";"100";"15";"304";
"2018";"5419";"Andre sikkerhetsarbeidere";"100";"21";"341";
"2018";"6221";"Havbruksarbeidere";"100";"16";"320";
"2018";"7122";"Gulv- og flisleggere";"100";"33";"227";
"2018";"7132";"Overflatebehandlere og lakkerere";"100";"41";"259";
"2018";"7421";"Serviceelektronikere";"100";"7";"237";
"2018";"7522";"MÃ¸belsnekkere";"100";"40";"146";
"2018";"8211";"MontÃ¸rer av mekaniske produkter";"100";"24";"265";
"2018";"8212";"MontÃ¸rer av elektriske og elektroniske produkter";"100";"26";"160";
"2018";"8219";"Andre montÃ¸rer";"100";"26";"188";
"2018";"9129";"Andre rengjÃ¸rere";"100";"7";"196";
"2018";"1211";"Finans- og Ã¸konomisjefer";"50";"26";"145";
"2018";"1213";"Strategi- og planleggingssjefer";"50";"5";"98";
"2018";"1321";"Ledere av industriproduksjon mv.";"50";"25";"122";
"2018";"1330";"Ledere av IKT-enheter";"50";"3";"86";
"2018";"1342";"Ledere av helsetjenester";"50";"28";"119";
"2018";"1343";"Ledere av eldreomsorg";"50";"17";"104";
"2018";"1412";"Restaurantsjefer";"50";"3";"74";
"2018";"1439";"Andre daglige ledere i tjenesteytende virksomheter";"50";"12";"141";
"2018";"#I/T";"SivilingeniÃ¸rer (geofag, petro- leumsteknologi, metallurgi mv.)";"50";"5";"123";
"2018";"2151";"SivilingeniÃ¸rer (elkraftteknikk)";"50";"3";"76";
"2018";"2153";"SivilingeniÃ¸rer (telekommunikasjon)";"50";"3";"91";
"2018";"2161";"Sivilarkitekter";"50";"20";"132";
"2018";"2424";"RÃ¥dgivere innen kompetanseutvikling";"50";"2";"94";
"2018";"2434";"Salgskonsulenter innen IKT-produkter";"50";"2";"71";
"2018";"2521";"Databasedesignere og -administratorer";"50";"4";"102";
"2018";"2522";"Systemadministratorer";"50";"9";"95";
"2018";"2529";"Sikkerhetsanalytikere mv.";"50";"4";"102";
"2018";"2619";"Andre juridiske yrker";"50";"10";"100";
"2018";"2633";"RÃ¥dgivere/forskere, humanistiske fag";"50";"4";"133";
"2018";"2636";"Geistlige yrker";"50";"5";"125";
"2018";"2642";"Journalister";"50";"8";"65";
"2018";"3113";"ElkraftingeniÃ¸rer";"50";"15";"80";
"2018";"3114";"ElektronikkingeniÃ¸rer";"50";"9";"56";
"2018";"3115";"MaskiningeniÃ¸rer";"50";"24";"107";
"2018";"3117";"IngeniÃ¸rer innen petroleum, bergverk og metallurgi";"50";"5";"117";
"2018";"3133";"KontrolloperatÃ¸rer innen kjemisk prosessindustri";"50";"10";"214";
"2018";"3321";"Forsikringsagenter";"50";"13";"133";
"2018";"3333";"Arbeidsformidlere";"50";"4";"149";
"2018";"3339";"Andre yrker innen forretningstjenester";"50";"8";"106";
"2018";"3422";"Trenere og idrettsdommere";"50";"3";"65";
"2018";"3434";"Sjefskokker";"50";"6";"155";
"2018";"3439";"Andre yrker innen estetiske fag";"50";"5";"121";
"2018";"3514";"Internett-teknikere";"50";"3";"76";
"2018";"#I/T";"Teknikere innen telekom";"50";"3";"95";
"2018";"4222";"Kundesentermedarbeidere";"50";"3";"103";
"2018";"4223";"SentralbordoperatÃ¸rer";"50";"2";"80";
"2018";"4224";"Hotellresepsjonister";"50";"3";"108";
"2018";"4323";"TransportfunksjonÃ¦rer";"50";"2";"96";
"2018";"4415";"Arkivassistenter";"50";"2";"88";
"2018";"5132";"Bartendere";"50";"2";"99";
"2018";"5142";"Kosmetologer mv.";"50";"4";"125";
"2018";"#I/T";"Vaktmestre";"50";"12";"144";
"2018";"#I/T";"Gateselgere, mat";"50";"2";"111";
"2018";"5243";"DÃ¸rselgere";"50";"3";"165";
"2018";"6113";"Gartnere";"50";"8";"92";
"2018";"#I/T";"Plante- og husdyrprodusenter";"50";"7";"79";
"2018";"#I/T";"Steinhoggere mv.";"50";"2";"78";
"2018";"7125";"Glassarbeidere";"50";"2";"91";
"2018";"7127";"KuldemontÃ¸rer mv.";"50";"2";"91";
"2018";"#I/T";"VerktÃ¸ymaker, lÃ¥sesmeder mv.";"50";"4";"96";
"2018";"7223";"Metalldreiere mv.";"50";"3";"66";
"2018";"7322";"Trykkere";"50";"3";"90";
"2018";"7412";"Automatikere";"50";"4";"132";
"2018";"7413";"EnergimontÃ¸rer";"50";"2";"60";
"2018";"#I/T";"Slaktere, fiskehandlere mv.";"50";"7";"168";
"2018";"7531";"Skreddere, buntmakere mv.";"50";"9";"81";
"2018";"7541";"Yrkesdykkere";"50";"4";"124";
"2018";"8160";"OperatÃ¸rer innen nÃ¦ringsmiddelproduksjon";"50";"21";"103";
"2018";"#I/T";"Kran- og heisfÃ¸rere mv.";"50";"11";"123";
"2018";"8350";"Dekks- og maskinmannskap (skip)";"50";"4";"93";
"2018";"9212";"Hjelpearbeidere i husdyrproduksjon";"50";"6";"166";
"2018";"9312";"Hjelpearbeidere i anlegg";"50";"3";"87";
"2018";"9412";"KjÃ¸kkenassistenter";"50";"15";"124";
"2018";"9510";"ReklamedistributÃ¸rer mv.";"50";"3";"102";
"2018";"9629";"Andre hjelpearbeidere";"50";"5";"209";
